annual_spending,purchase_frequency,age,region,cluster
13929.98,24.7,37,South,0
4879.77,17.1,42,North,1
13931.82,10.8,37,West,0
3128.84,8.8,38,East,1
1474.77,2.4,35,South,2
13465.54,23.9,34,North,0
15008.27,32.5,51,East,0
9912.17,26.1,40,South,0
1252.97,2.7,35,East,2
7332.16,18.8,33,South,0
1113.78,2.2,29,West,2
15617.56,21.9,31,North,0
2084.3,11.4,31,West,2
18633.13,23.6,29,West,0
4393.95,5.7,27,East,2
813.77,2.7,53,North,1
7768.2,7.8,38,South,1
1718.61,2.8,32,North,2
14332.01,31.7,34,East,0
2953.24,11.1,39,North,1
12696.51,23.3,42,East,0
1246.63,4.4,35,East,2
12000.25,21.9,41,South,0
20442.25,45.6,53,North,0
13157.54,21.6,26,North,0
1278.82,4.6,18,West,2
5543.37,13.6,30,South,2
1279.12,4.1,32,West,2
1168.95,3.7,36,West,2
1612.51,11.1,43,West,1
4832.99,10.7,24,North,2
17182.05,15.1,46,South,0
1101.44,3.9,24,North,2
1590.01,4.7,52,South,1
5824.59,13.6,59,South,1
1448.4,3.6,35,East,2
990.77,5.2,23,East,2
4285.52,16.2,49,East,1
1746.19,4.9,19,East,2
3181.49,10.1,57,North,1
5217.23,9.5,31,North,2
8350.32,22.4,41,South,0
5799.73,14.2,19,East,2
1221.61,4.5,51,East,1
5810.29,23.0,43,West,1
16427.85,31.1,46,North,0
1028.72,5.0,45,East,1
1270.32,4.3,26,West,2
4334.03,11.5,45,North,1
882.44,3.8,49,West,1
976.92,3.0,37,East,1
1203.43,5.6,43,South,1
14525.46,32.7,61,West,0
2246.04,17.8,37,East,1
4621.37,16.7,25,South,2
7196.17,21.3,42,South,0
5089.71,13.0,27,South,2
4561.15,10.3,46,West,1
1410.59,4.2,42,East,1
1359.02,3.2,33,West,2
4721.37,15.0,38,South,1
4200.93,11.6,50,East,1
2257.81,7.3,27,South,2
9965.21,34.3,35,West,0
4722.51,15.9,55,South,1
3634.36,16.9,42,North,1
3557.93,9.9,27,North,2
1092.59,5.0,52,North,1
785.35,4.5,24,North,2
4352.53,5.4,51,North,1
1018.5,3.4,24,East,2
4981.38,11.3,45,South,1
13085.77,39.1,34,South,0
1520.17,3.6,46,East,1
1315.01,3.8,38,West,1
1823.09,4.1,36,South,2
1522.87,3.0,38,South,1
4853.15,9.0,26,East,2
2167.89,8.0,37,South,1
17811.69,37.3,28,South,0
4891.17,10.5,39,East,1
5196.57,10.8,52,East,1
8574.19,28.1,63,West,0
1629.96,4.1,40,East,1
1182.97,3.8,27,North,2
944.54,4.8,45,South,1
4912.35,11.0,46,South,1
5552.49,5.4,38,North,1
602.76,2.2,48,East,1
3690.58,6.6,18,North,2
1036.95,6.9,39,South,1
5023.22,6.4,39,South,1
4611.91,11.7,49,West,1
1400.5,3.2,43,East,1
1688.68,2.8,26,West,2
4284.74,17.1,37,West,1
1636.51,4.2,37,South,1
1091.47,2.9,30,South,2
1335.7,2.1,41,North,1
15443.44,7.9,30,South,0
6940.6,21.1,40,East,0
4214.95,11.4,44,East,1
897.44,4.8,41,West,1
13669.6,30.5,58,West,0
11738.72,25.4,30,North,0
3099.97,8.8,41,West,1
4876.08,12.2,34,North,2
1421.82,3.8,28,South,2
1364.53,4.2,20,East,2
12786.11,20.4,39,North,0
2863.32,16.8,54,West,1
1309.04,1.1,23,West,2
1111.87,2.7,42,East,1
3176.31,9.0,44,East,1
1683.33,2.5,37,West,1
7044.72,17.2,33,East,2
10438.23,34.8,40,South,0
5079.84,9.9,54,West,1
3793.96,9.7,47,South,1
5004.11,5.9,47,West,1
3336.4,12.8,27,East,2
3592.58,7.4,49,West,1
1272.49,3.3,49,North,1
4536.12,13.0,35,West,2
1341.34,3.4,30,East,2
3329.34,3.3,58,East,1
1964.8,3.5,18,South,2
1114.13,3.8,23,South,2
1373.87,4.6,20,South,2
6809.27,12.6,38,West,1
1157.4,4.7,18,North,2
10828.61,43.5,36,South,0
6376.37,8.0,47,East,1
939.29,4.2,47,North,1
4135.73,5.9,41,East,1
1097.3,3.9,18,East,2
7153.02,32.0,32,West,0
5382.95,13.0,34,East,2
8049.51,35.0,41,South,0
1315.53,4.5,38,West,1
4312.21,14.9,48,West,1
3913.51,10.4,37,West,1
14372.41,40.6,33,South,0
4853.34,11.1,51,West,1
1966.75,9.0,34,North,2
910.91,2.9,32,North,2
1533.89,3.7,24,East,2
5680.32,8.5,32,South,2
5128.37,11.2,48,North,1
1410.5,2.8,34,North,2
11367.93,17.8,22,South,0
10947.14,19.4,37,South,0
1538.41,1.3,20,West,2
6143.83,13.0,49,East,1
857.95,2.7,39,North,1
5117.33,11.3,44,North,1
1247.44,4.9,43,North,1
1971.82,15.6,53,North,1
3351.8,5.3,42,South,1
17392.78,32.3,34,West,0
932.06,4.0,32,East,2
18146.27,43.0,49,South,0
923.74,5.0,41,North,1
1574.9,4.8,42,East,1
5216.52,13.2,24,South,2
1033.14,2.5,51,North,1
17186.99,39.4,40,North,0
12036.16,29.7,27,East,0
1319.1,4.1,21,South,2
11760.81,43.1,46,North,0
1203.43,4.3,35,South,2
3282.27,11.5,34,East,2
824.91,4.6,38,West,1
11631.95,36.4,48,West,0
1507.75,4.0,26,North,2
1303.38,4.5,47,East,1
5737.48,11.5,29,North,2
12651.69,26.3,32,South,0
12758.65,23.8,31,West,0
4047.76,12.9,44,West,1
8581.71,24.0,52,West,0
12954.57,18.2,18,West,0
2405.42,12.1,42,South,1
1564.26,1.0,38,East,1
16684.31,18.5,34,East,0
3493.86,10.8,56,West,1
1751.22,3.6,54,West,1
1726.11,3.9,36,South,2
4911.16,23.4,50,South,1
1490.7,3.6,30,South,2
14725.8,28.3,40,West,0
1300.97,4.5,18,North,2
1399.97,2.8,20,South,2
12251.94,22.2,46,West,0
797.35,3.5,29,South,2
1283.66,2.8,42,South,1
4570.88,5.2,22,North,2
11337.1,27.1,37,South,0
1267.67,5.1,23,South,2
872.0,4.3,47,West,1
